{
  "matters": [
    {
      "id": "matematica",
      "name": "Matemática",
      "imagePath": "assets/svg/matematica.svg"
    },
    {
      "id": "biologia",
      "name": "Biologia",
      "imagePath": "assets/svg/biologia.svg"
    },
    {
      "id": "atualidades",
      "name": "Atualidades",
      "imagePath": "assets/svg/atualidades.svg"
    },
    {
      "id": "filosofia",
      "name": "Filosofia",
      "imagePath": "assets/svg/filosofia.svg"
    },
    {
      "id": "design",
      "name": "Design",
      "imagePath": "assets/svg/design.svg"
    },
    {
      "id": "artes",
      "name": "Artes",
      "imagePath": "assets/svg/artes.svg"
    }
  ],
    "questions": [
    {
      "id": "matematica",
      "name": "Matemática",
      "alternatives": [
        {
          "id": 1,
          "question": "1Pergunta Das opções abaixo, qual é um laticinio",
          "options":[{ "optionA": "1", "optionB": "2",  "optionC": "3", "optionD": "4" }],
          "response": "1"
        },
               {
          "id": 2,
          "question": "2Pergunta Das opções abaixo, qual é um laticinio",
          "options":[{ "optionA": "5", "optionB": "3",  "optionC": "7", "optionD": "8" }],
          "response": "OptionA"
        },
        {
          "id": 3,
          "question": "3Pergunta Das opções abaixo, qual é um laticinio",
          "options":[{ "optionA": "9", "optionB": "10",  "optionC": "11", "optionD": "11" }],
          "response": "OptionA"
        },
        {
          "id": 4,
          "question": "4Pergunta Das opções abaixo, qual é um laticinio",
          "options":[{ "optionA": "13", "optionB": "14",  "optionC": "15", "optionD": "16" }],
          "response": "OptionA"
        },
        {
          "id": 5,
          "question": "5Pergunta Das opções abaixo, qual é um laticinio",
          "options":[{ "optionA": "17", "optionB": "18",  "optionC": "19", "optionD": "20" }],
          "response": "OptionA"
        }

      ]
    }    
  ]
}